Passcode (ID),Set Number,Card Name,Image Preview,Image Link,Local Image File,Image Status,Card Category,Card Subtype,Monster Race,Attribute,Level/Rank/Link,ATK,DEF,Pendulum Scale,Link Arrows,Effect Text,Pendulum Effect,Archetype/Series,Rarity,Creator,Faction Alignment,Signature Duelist,Story Significance,Story/Lore Context,Synergy/Combos,Designer Notes,Duelingbook Card ID,Script File,Script Status,CDB Bitmask Type,Banlist Status,Playtesting Status
50000101,TLOK-001,"Kasutamaiza, the Creator of Kustomazi","=IF(ISBLANK(E2), """", IMAGE(E2))",https://images.duelingbook.com/custom-pics/2200000/2282769.jpg?version=6,pics/50000101.jpg,Downloaded,Monster,Effect,Divine-Beast,DIVINE,12,4000,4000,N/A,N/A,"Requires 3 Tributes to Normal Summon (cannot be Normal Set). Cannot be Special Summoned. Cannot attack the turn it is Normal Summoned. If this card was Tribute Summoned by Tributing 2 or more Divine-Beast monsters, it is unaffected by other cards' effects. If this card is Normal Summoned: You can add 1 card from your Deck, GY, or banishment to your hand, also you cannot conduct your Battle Phase this turn. Once per turn, during your Main Phase 1: You can change this card's ATK/DEF to 0 until the start of your next Standby Phase, and if you do, inflict damage to your opponent equal to half the ATK lost. You can only control 1 ""Kasutamaiza, the Creator of Kustomazi"".",N/A,Kasutamaiza,Common,ProfessorSeanEX,The Creators of Kustomazi,ProfessorSeanEX,Creator Deity,,,,2282769,c50000101.lua,Implemented,0x21,Unlimited,In Testing
50000102,TLOK-002,The Void of Creation,"=IF(ISBLANK(E3), """", IMAGE(E3))",https://images.duelingbook.com/custom-pics/2200000/2282921.jpg?version=2,pics/50000102.jpg,Downloaded,Monster,Effect,Divine-Beast,DIVINE,1,0,0,N/A,N/A,"(This card is always treated as a ""Kasutamaiza"" card.)
It is quiet and restless. Containing all of the potential of one universe, it must be shaped and forged. Whoever masters the void masters the universe. Yet is the void meant to be mastered...",N/A,Kasutamaiza,Common,ProfessorSeanEX,The Creators of Kustomazi,ProfessorSeanEX,Primordial Origin,,,,2282921,c50000102.lua,Implemented,0x21,Unlimited,In Testing
50000103,TLOK-003,The Seed of Creation,"=IF(ISBLANK(E4), """", IMAGE(E4))",https://images.duelingbook.com/custom-pics/2600000/2623998.jpg?version=2,pics/50000103.jpg,Downloaded,Spell,Normal,N/A,N/A,N/A,N/A,N/A,N/A,N/A,"Add 1 ""Kasutamaiza, the Creator of Kustomazi"" from your Deck to your hand, but if you cannot, draw 1 card, then place 1 card from your hand on the bottom of the Deck. While you control no monsters: You can banish this card from your GY; Special Summon 1 ""The Void of Creation"" from your Deck or GY in Defense Position. If this card was banished to activate this effect during your Main Phase 2, that Special Summoned monster gains this effect.
● During the Standby Phase, if the only monster(s) you control is ""The Void of Creation"": You can send this card to the GY; for the rest of this turn, you can Tribute Summon monsters by banishing Level 1 monsters from your GY as Tributes.
You can only use each effect of ""The Seed of Creation"" once per turn.",N/A,Kasutamaiza,Common,ProfessorSeanEX,The Creators of Kustomazi,ProfessorSeanEX,Core Engine,,,,2623998,c50000103.lua,Implemented,0x12,Unlimited,In Testing
50000104,TLOK-004,Servants of the Great Kasutamaiza,"=IF(ISBLANK(E5), """", IMAGE(E5))",https://images.duelingbook.com/custom-pics/800000/835518.jpg?version=3,pics/50000104.jpg,Downloaded,Monster,Effect,Divine-Beast,DIVINE,1,100,100,N/A,N/A,"If this card is Normal Summoned: You can Special Summon up to 2 ""Servants of the Great Kasutamaiza"" from your hand and/or Deck. Cannot be Tributed, except for the Tribute Summon of a Divine-Beast monster. Cannot be used as material for a Special Summon from the Extra Deck, except for a Divine-Beast monster. You can banish this card and 2 other ""Servants of the Great Kasutamaiza"" from your GY; this turn, any damage your opponent takes from a card effect, or from a battle involving a Divine-Beast monster, is doubled. You can only use each effect of ""Servants of the Great Kasutamaiza"" up to 3 times per Duel.",N/A,Kasutamaiza,Common,ProfessorSeanEX,The Creators of Kustomazi,ProfessorSeanEX,Core Engine,,,,835518,c50000104.lua,Implemented,0x21,Unlimited,In Testing
50000105,TLOK-005,Formless the True Void of Creation,"=IF(ISBLANK(E6), """", IMAGE(E6))",https://images.duelingbook.com/custom-pics/2600000/2624008.jpg?version=2,pics/50000105.jpg,Downloaded,Monster,Effect,Divine-Beast,DIVINE,1,?,?,N/A,N/A,"Cannot be Normal Summoned/Set. Must first be Special Summoned (from your hand) by banishing 1 ""The Void of Creation"", 1 ""Servants of the Great Kasutamaiza"", and 1 ""The Seed of Creation"" from your hand and/or GY. If this card battles an opponent's monster, during damage calculation: Its ATK/DEF become equal to the current ATK/DEF of the opponent's battling monster +100, during damage calculation only. At the end of the Damage Step, if this card battled a Divine-Beast monster: Shuffle this card into the Deck during the End Phase. Once per turn, if you control no other cards and have no cards in your hand: You can banish all other cards on the field face-down, and if you do, end your turn.",N/A,Kasutamaiza,Common,ProfessorSeanEX,The Creators of Kustomazi,ProfessorSeanEX,Primordial Origin,,,,2624008,c50000105.lua,Implemented,0x21,Unlimited,In Testing
50000106,TLOK-006,Mohousha the Accursed of the Great Kasutamaiza,"=IF(ISBLANK(E7), """", IMAGE(E7))",https://images.duelingbook.com/custom-pics/2600000/2624212.jpg?version=2,pics/50000106.jpg,Downloaded,Monster,Effect,Divine-Beast,DARK,1,0,0,N/A,N/A,"""Formless the True Void of Creation"" + ""The Void of Creation"" + ""Servants of the Great Kasutamaiza""
Must first be Special Summoned (from your Extra Deck) by shuffling the above cards from your field and/or GY into the Deck. (You do not use ""Alchemical Bonds"".) During your turn, this card is unaffected by your opponent's card effects. Once per turn: You can target 1 monster on the field; equip that target to this card (max. 1). This card's ATK/DEF become equal to that equipped monster's original ATK/DEF, it gains that monster's effects, and its Level, Attribute, and Type become the same as that equipped monster's original Level, Attribute, and Type. If this card would leave the field, you can banish the monster equipped to it by this effect instead. You can only control 1 ""Mohousha the Accursed of the Great Kasutamaiza"".",N/A,Kasutamaiza,Common,ProfessorSeanEX,The Creators of Kustomazi,ProfessorSeanEX,Core Engine,,,,2624212,c50000106.lua,Implemented,0x21,Unlimited,In Testing
50000107,TLOK-007,The Great Kasutamaiza,"=IF(ISBLANK(E8), """", IMAGE(E8))",https://images.duelingbook.com/custom-pics/2600000/2625690.jpg?version=2,pics/50000107.jpg,Downloaded,Monster,Effect,Divine-Beast,DIVINE,12,?,?,N/A,N/A,"""Kasutamaiza, the Creator of Kustomazi"" + 2 monsters with different names
Must first be Fusion Summoned. This card gains the following effect(s) based on the Attributes of the materials used for its Fusion Summon, other than ""Kasutamaiza, the Creator of Kustomazi"".
● DIVINE: This card is unaffected by other cards' effects. At the start of the Damage Step, if this card battles a monster: You can send both this card and that monster to the GY. During the next Standby Phase, if this card is in the GY because it was sent there by this effect: Special Summon this card.
● Non-DIVINE: Once per turn (Quick Effect): You can target 1 monster in your GY or banishment; equip that target to this card (max. 3). This card gains ATK/DEF equal to that equipped monster's. If this card would be destroyed by battle or card effect, you can send 1 monster equipped to it by this effect to the GY instead.
● 2 monsters with the same Attribute: Once per turn, instead of conducting your normal draw for your Draw Phase: You can add up to 2 cards from your GY to your hand, and if you do, place 1 card from your hand on the bottom of the Deck.
You can only use each effect of ""The Great Kasutamaiza"" once per turn.",N/A,Kasutamaiza,Common,ProfessorSeanEX,The Creators of Kustomazi,ProfessorSeanEX,Core Engine,,,,2625690,c50000107.lua,Implemented,0x21,Unlimited,In Testing
50000108,TLOK-008,The Call of the Great Kasutamaiza,"=IF(ISBLANK(E9), """", IMAGE(E9))",https://images.duelingbook.com/custom-pics/1300000/1357046.jpg?version=2,pics/50000108.jpg,Downloaded,Spell,Normal,N/A,N/A,N/A,N/A,N/A,N/A,N/A,"Add 1 ""Kasutamaiza"" card from your Deck to your hand, then, if you control no monsters, you can Special Summon 1 monster from your hand or Deck that mentions a ""Spellspire"", ""Of Time"", ""Springtime"", ""Snare"", or ""Hidden Treasures"" card in its text. During your Standby Phase: You can banish this card from your GY, then target up to 3 ""Kasutamaiza"", ""Spellspire"", ""Of Time"", ""Springtime"", ""Snare"", or ""Hidden Treasures"" cards in your GY; shuffle them into the Deck. You can only use each effect of ""The Call of the Great Kasutamaiza"" once per turn.",N/A,Kasutamaiza,Common,ProfessorSeanEX,The Creators of Kustomazi,ProfessorSeanEX,Core Engine,,,,1357046,c50000108.lua,Implemented,0x12,Unlimited,In Testing
50000109,TLOK-009,Divine Justice of the Great Kasutamaiza,"=IF(ISBLANK(E10), """", IMAGE(E10))",https://images.duelingbook.com/custom-pics/300000/360997.jpg?version=3,pics/50000109.jpg,Downloaded,Trap,Normal,N/A,N/A,N/A,N/A,N/A,N/A,N/A,"When a monster(s) would be Summoned, OR a Spell/Trap Card or effect is activated: Pay 2000 LP and banish 1 card from your hand or GY; negate the Summon or activation, and if you do, destroy that card. Then, if a ""Kasutamaiza"" card was banished to activate this card, you can apply the following effect based on that banished card's original card type.
● Non-Extra Deck Monster: Each player must send 1 monster they control to the GY (or send the top card of their Deck to the GY, if they cannot).
● Extra Deck Monster: For the rest of this turn, neither player can Special Summon monsters from the Extra Deck.
● Spell/Trap: Each player discards 1 card, then, if you control only ""Kasutamaiza"" cards, all battle damage is halved for the rest of this turn.",N/A,Kasutamaiza,Common,ProfessorSeanEX,The Creators of Kustomazi,ProfessorSeanEX,Core Engine,,,,360997,c50000109.lua,Implemented,0x14,Unlimited,In Testing
50000110,TLOK-010,Planet Kustomazi,"=IF(ISBLANK(E11), """", IMAGE(E11))",https://images.duelingbook.com/custom-pics/2500000/2591821.jpg?version=2,pics/50000110.jpg,Downloaded,Spell,Normal,N/A,N/A,N/A,N/A,N/A,N/A,N/A,"When this card is activated: You can shuffle 1 card from your hand into the Deck, then draw 1 card. During your Main Phase 1, if you control no monsters: You can activate this effect; you can Normal Summon 1 monster in addition to your Normal Summon/Set this turn. (You can only gain this effect once per turn.) During your Main Phase 2, if your LP is lower than your opponent's and you have 3 or fewer cards in your hand: You can target up to 3 of your banished cards; shuffle them into the Deck, or if you control a Level 12 DIVINE Divine-Beast monster, you can add 1 of them to your hand instead, and shuffle the rest into the Deck. You can only use each effect of ""Planet Kustomazi"" once per turn.",N/A,Kasutamaiza,Common,ProfessorSeanEX,The Creators of Kustomazi,ProfessorSeanEX,Core Engine,,,,2591821,c50000110.lua,Implemented,0x12,Unlimited,In Testing
50000111,TLOK-011,Temple of the Great Kasutamaiza,"=IF(ISBLANK(E12), """", IMAGE(E12))",https://images.duelingbook.com/custom-pics/1500000/1519175.jpg?version=3,pics/50000111.jpg,Downloaded,Spell,Normal,N/A,N/A,N/A,N/A,N/A,N/A,N/A,"When this card is activated: You can target 1 ""Kasutamaiza"" card in your GY or banishment; add it to your hand. While you control ""Kasutamaiza, the Creator of Kustomazi"" or ""The Great Kasutamaiza"", your opponent cannot target Divine-Beast monsters you control with card effects. You can activate the following effect(s), based on the monster(s) you control.
● DIVINE Divine-Beast: Once per turn, during your Main Phase: You can reveal 1 ""Kasutamaiza"" card in your hand; you can Tribute Summon 1 monster in addition to your Normal Summon/Set this turn. (You can only gain this effect once per turn.)
● Non-DIVINE: Once per turn: You can send up to 3 cards you control to the GY; destroy cards on the field up to the number of cards sent to the GY to activate this effect, also, after that, if you control only ""Kasutamaiza"" cards, you can shuffle cards from your GY and/or banishment into the Deck, up to that number minus 1.
● ""Kasutamaiza"": Before damage calculation, if a monster you control battles an opponent's monster: You can return both battling monsters to the hand.
You can only activate 1 ""Temple of the Great Kasutamaiza"" per turn.",N/A,Kasutamaiza,Common,ProfessorSeanEX,The Creators of Kustomazi,ProfessorSeanEX,Core Engine,,,,1519175,c50000111.lua,Implemented,0x12,Unlimited,In Testing
50000112,TLOK-012,The Spark of Creation,"=IF(ISBLANK(E13), """", IMAGE(E13))",https://images.duelingbook.com/custom-pics/6000000/6071203.jpg,pics/50000112.jpg,Downloaded,Spell,Normal,N/A,N/A,N/A,N/A,N/A,N/A,N/A,"Banish up to 3 ""The Void of Creation"" from your GY; apply the following effect(s) in sequence, based on the number banished.
● 1+: Add 1 monster from your GY to your hand, also you cannot Special Summon monsters from your hand for the rest of this turn.
● 2+: Set 1 Spell/Trap directly from your Deck, but it cannot be activated this turn.
● 3: Draw 1 card, then, if you have 3 or fewer cards in your hand, you can draw 1 card, then place 1 card from your hand on the bottom of the Deck.
You can only activate 1 ""The Spark of Creation"" per turn.",N/A,Kasutamaiza,Common,ProfessorSeanEX,The Creators of Kustomazi,ProfessorSeanEX,Core Engine,,,,6071203,c50000112.lua,Implemented,0x12,Unlimited,In Testing
50000113,TLOK-013,Alchemical Bonds,"=IF(ISBLANK(E14), """", IMAGE(E14))",https://images.duelingbook.com/custom-pics/6000000/6071820.jpg,pics/50000113.jpg,Downloaded,Spell,Normal,N/A,N/A,N/A,N/A,N/A,N/A,N/A,"Fusion Summon 1 Fusion Monster from your Extra Deck, using monsters from your hand or field as material. Apply the following effect based on the Level of the monster Summoned by this effect.
● Level 6 or lower: It gains 1000 ATK/DEF, also it can make a second attack during each Battle Phase this turn.
● Level 7 or higher: Your opponent cannot activate cards or effects when that monster is Special Summoned.",N/A,Fusion Card,Common,ProfessorSeanEX,The Creators of Kustomazi,ProfessorSeanEX,Core Engine,,,,6071820,c50000113.lua,Implemented,0x12,Unlimited,In Testing
50000114,TLOK-014,Contact from Beyond,"=IF(ISBLANK(E15), """", IMAGE(E15))",https://images.duelingbook.com/custom-pics/6000000/6071823.jpg,pics/50000114.jpg,Downloaded,Spell,Normal,N/A,N/A,N/A,N/A,N/A,N/A,N/A,"Shuffle into the Deck, from your GY and/or banishment, the Fusion Materials listed on 1 Fusion Monster; Special Summon that Fusion Monster from your Extra Deck, ignoring its Summoning conditions (this is treated as a Fusion Summon), but it cannot activate its effects until the start of your next Standby Phase.",N/A,Fusion Card,Common,ProfessorSeanEX,The Creators of Kustomazi,ProfessorSeanEX,Core Engine,,,,6071823,c50000114.lua,Implemented,0x12,Unlimited,In Testing
